id,nome,provincia,comune,quota,lat,lon
GE001,ALPE GORRETO,GE,ALPE,,,
GE002,ALPE VOBBIA,GE,ALPE,,,
GE003,AMBORZASCO,GE,AMBORZASCO,,,
GE004,ARENZANO,GE,ARENZANO,,,
GE005,ARENZANO-PORTO,GE,ARENZANO-PORTO,,,
GE006,BARBAGELATA,GE,BARBAGELATA,,,
GE007,BARGAGLI,GE,BARGAGLI,,,
GE008,BARGONE,GE,BARGONE,,,
GE009,BAVARI,GE,BAVARI,,,
GE010,BORZONE,GE,BORZONE,,,
GE011,BRUGNETO DIGA,GE,BRUGNETO,,,
GE012,BUSALLA,GE,BUSALLA,,,
GE013,CABANNE,GE,CABANNE,,,
GE014,CAMINATA,GE,CAMINATA,,,
GE015,CAMOGLI,GE,CAMOGLI,,,
GE016,CAMPO LIGURE,GE,CAMPO,,,
GE017,CARASCO,GE,CARASCO,,,
GE018,CASSAGNA,GE,CASSAGNA,,,
GE019,CAVI DI LAVAGNA,GE,CAVI,,,
GE020,CHIAVARI,GE,CHIAVARI,,,
GE021,CHIAVARI - CAPERANA,GE,CHIAVARI,,,
GE022,CICHERO,GE,CICHERO,,,
GE023,COLONIA ARNALDI,GE,COLONIA,,,
GE024,CRETO,GE,CRETO,,,
GE025,CROCE ORERO,GE,CROCE,,,
GE026,CROCEFIESCHI - SANTUARIO,GE,CROCEFIESCHI,,,
GE027,CROCETTA DI ORERO,GE,CROCETTA,,,
GE028,DAVAGNA,GE,DAVAGNA,,,
GE029,DIGA VAL NOCI,GE,DIGA,,,
GE030,FALLAROSA,GE,FALLAROSA,,,
GE031,FIORINO,GE,FIORINO,,,
GE032,FONTANA FRESCA,GE,FONTANA,,,
GE033,GENOVA - BOLZANETO,GE,GENOVA,,,
GE034,GENOVA - BORGO INCROCIATI,GE,GENOVA,,,
GE035,GENOVA - CASTELLACCIO,GE,GENOVA,,,
GE036,GENOVA - CENTRO FUNZIONALE,GE,GENOVA,,,
GE037,GENOVA - CERTOSA,GE,GENOVA,,,
GE038,GENOVA - DIPARTIMENTO DI FISICA,GE,GENOVA,,,
GE039,GENOVA - FEREGGIANO,GE,GENOVA,,,
GE040,GENOVA - FIRPO,GE,GENOVA,,,
GE041,GENOVA - FIUMARA,GE,GENOVA,,,
GE042,GENOVA - GAVETTE,GE,GENOVA,,,
GE043,GENOVA - GEIRATO,GE,GENOVA,,,
GE044,GENOVA - GRANARA,GE,GENOVA,,,
GE045,GENOVA - MOLASSANA,GE,GENOVA,,,
GE046,GENOVA - PEGLI,GE,GENOVA,,,
GE047,GENOVA - PONTEDECIMO,GE,GENOVA,,,
GE048,GENOVA - PORTO ANTICO,GE,GENOVA,,,
GE049,GENOVA - PRATO,GE,GENOVA,,,
GE050,GENOVA - PUNTA VAGNO,GE,GENOVA,,,
GE051,GENOVA - QUEZZI,GE,GENOVA,,,
GE052,GENOVA - RIVAROLO,GE,GENOVA,,,
GE053,GENOVA - ROSATA,GE,GENOVA,,,
GE054,GENOVA - S.ILARIO,GE,GENOVA,,,
GE055,GENOVA - STURLA,GE,GENOVA,,,
GE056,GENOVA - UNIVERSITA',GE,GENOVA,,,
GE057,GIACOPIANE - DIGA,GE,GIACOPIANE,,,
GE058,GIACOPIANE - LAGO,GE,GIACOPIANE,,,
GE059,ISOVERDE,GE,ISOVERDE,,,
GE060,LA PRESA,GE,LA,,,
GE061,LAVAGNA - PORTO,GE,LAVAGNA,,,
GE062,LAVEZZE - LAGO,GE,LAVEZZE,,,
GE063,LERCA,GE,LERCA,,,
GE064,LOCO CARCHELLI,GE,LOCO,,,
GE065,MADONNA DELLE GRAZIE,GE,MADONNA,,,
GE066,MELE,GE,MELE,,,
GE067,MIGNANEGO,GE,MIGNANEGO,,,
GE068,MOLINETTO,GE,MOLINETTO,,,
GE069,MONTE CAPPELLINO,GE,MONTE,,,
GE070,MONTE DI MEZZO,GE,MONTE,,,
GE071,MONTE DOMENICO,GE,MONTE,,,
GE072,MONTE PENNELLO,GE,MONTE,,,
GE073,MONTE PORTOFINO,GE,MONTE,,,
GE074,MONTOGGIO,GE,MONTOGGIO,,,
GE075,NEIRONE,GE,NEIRONE,,,
GE076,OGNIO,GE,OGNIO,,,
GE077,PANESI,GE,PANESI,,,
GE078,PASSO DEL TURCHINO,GE,PASSO,,,
GE079,PIAN DEI RATTI,GE,PIAN,,,
GE080,PIANA DI SOGLIO,GE,PIANA,,,
GE081,POLANESI,GE,POLANESI,,,
GE082,PRAI,GE,PRAI,,,
GE083,PRATOMOLLO,GE,PRATOMOLLO,,,
GE084,PREMANICO,GE,PREMANICO,,,
GE085,RAPALLO,GE,RAPALLO,,,
GE086,REPPIA,GE,REPPIA,,,
GE087,ROSSIGLIONE,GE,ROSSIGLIONE,,,
GE088,ROVEGNO,GE,ROVEGNO,,,
GE089,S. ALBERTO,GE,S.,,,
GE090,S. MARGHERITA LIGURE,GE,S.,,,
GE091,S. MARTINO,GE,S.,,,
GE092,S. MICHELE,GE,S.,,,
GE093,S. STEFANO D'AVETO,GE,S.,,,
GE094,SANTUARIO MONTE GAZZO,GE,SANTUARIO,,,
GE095,SCIARBORASCA,GE,SCIARBORASCA,,,
GE096,SCOFFERA,GE,SCOFFERA,,,
GE097,SELLA GIASSINA,GE,SELLA,,,
GE098,SESTRI LEVANTE,GE,SESTRI,,,
GE099,SESTRI LEVANTE - PONTESS1,GE,SESTRI LEVANTE,,,
GE100,SESTRI LEVANTE - SARA,GE,SESTRI LEVANTE,,,
GE101,STATALE,GE,STATALE,,,
GE102,TANADORSO,GE,TANADORSO,,,
GE103,TASSANI,GE,TASSANI,,,
GE104,TIGLIETO,GE,TIGLIETO,,,
GE105,TIGLIOLO,GE,TIGLIOLO,,,
GE106,TORRIGLIA,GE,TORRIGLIA,,,
GE107,TORRIGLIA - GARAVENTA,GE,TORRIGLIA,,,
GE108,VALBREVENNA - GORRA,GE,VALBREVENNA,,,
GE109,VALLEREGIA,GE,VALLEREGIA,,,
GE110,VICOMORASSO,GE,VICOMORASSO,,,
GE111,VIGANEGO,GE,VIGANEGO,,,
GE112,VIGNOLO,GE,VIGNOLO,,,
GE113,VOBBIETTA,GE,VOBBIETTA,,,
IM001,AIROLE,IM,AIROLE,,,
IM002,BARCHEO,IM,BARCHEO,,,
IM003,BESTAGNO,IM,BESTAGNO,,,
IM004,BORGOMARO,IM,BORGOMARO,,,
IM005,BORGONUOVO,IM,BORGONUOVO,,,
IM006,BUGGIO,IM,BUGGIO,,,
IM007,CERIANA,IM,CERIANA,,,
IM008,CIPRESSA,IM,CIPRESSA,,,
IM009,COLLA ROSSA,IM,COLLA,,,
IM010,COLLE BELENDA,IM,COLLE,,,
IM011,COLLE D'OGGIA,IM,COLLE,,,
IM012,COLLE DI NAVA,IM,COLLE,,,
IM013,DIANO CASTELLO,IM,DIANO,,,
IM014,DIANO CASTELLO - VARCAVELLO,IM,DIANO CASTELLO,,,
IM015,DOLCEACQUA - MOLINETTI,IM,DOLCEACQUA,,,
IM016,DOLCEDO,IM,DOLCEDO,,,
IM017,IMPERIA - OSS. METEOSISMICO,IM,IMPERIA,,,
IM018,ISOLABONA,IM,ISOLABONA,,,
IM019,MERELLI,IM,MERELLI,,,
IM020,MONTALTO LIGURE,IM,MONTALTO,,,
IM021,MONTE MAURE,IM,MONTE,,,
IM022,PACIALLA,IM,PACIALLA,,,
IM023,PASSO GHIMBEGNA,IM,PASSO,,,
IM024,PIEVE DI TECO (IDRO),IM,PIEVE,,,
IM025,PIEVE DI TECO,IM,PIEVE,,,
IM026,PIGNA,IM,PIGNA,,,
IM027,PIZZEGLIO,IM,PIZZEGLIO,,,
IM028,POGGIO FEARZA,IM,POGGIO,,,
IM029,PORNASSIO,IM,PORNASSIO,,,
IM030,RANZO,IM,RANZO,,,
IM031,ROCCHETTA NERVINA,IM,ROCCHETTA,,,
IM032,RUGGE DI PONTEDASSIO,IM,RUGGE,,,
IM033,SANREMO,IM,SANREMO,,,
IM034,SEBORGA,IM,SEBORGA,,,
IM035,SELLA DI GOUTA,IM,SELLA,,,
IM036,TORRI,IM,TORRI,,,
IM037,TRIORA,IM,TRIORA,,,
IM038,VALLE ARMEA - PONTE,IM,VALLE ARMEA,,,
IM039,VALLE TANE,IM,VALLE,,,
IM040,VENTIMIGLIA,IM,VENTIMIGLIA,,,
IM041,VERDEGGIA,IM,VERDEGGIA,,,
SP001,AMEGLIA FOCE MAGRA,SP,AMEGLIA,,,
SP002,BRUGNATO,SP,BRUGNATO,,,
SP003,CALICE AL C. - MOLUNGHI,SP,CALICE AL C.,,,
SP004,CALICE AL CORNOVIGLIO,SP,CALICE,,,
SP005,CARRO,SP,CARRO,,,
SP006,CASALE DI PIGNONE,SP,CASALE,,,
SP007,CASONI DI SUVERO,SP,CASONI,,,
SP008,CASTELNUOVO MAGRA,SP,CASTELNUOVO,,,
SP009,CEMBRANO,SP,CEMBRANO,,,
SP010,CHIUSOLA,SP,CHIUSOLA,,,
SP011,CORNIOLO,SP,CORNIOLO,,,
SP012,CUCCARELLO,SP,CUCCARELLO,,,
SP013,FORNOLA,SP,FORNOLA,,,
SP014,FRAMURA,SP,FRAMURA,,,
SP015,LA FOCE,SP,LA,,,
SP016,LA FOCE - MTE VISEGGI,SP,LA FOCE,,,
SP017,LA MACCHIA,SP,LA,,,
SP018,LA SPEZIA,SP,LA,,,
SP019,LA SPEZIA - FABIANO,SP,LA SPEZIA,,,
SP020,LEVANTO,SP,LEVANTO,,,
SP021,LEVANTO - SAN GOTTARDO,SP,LEVANTO,,,
SP022,LUNI - PROVASCO,SP,LUNI,,,
SP023,MARINELLA DI SARZANA,SP,MARINELLA,,,
SP024,MATTARANA,SP,MATTARANA,,,
SP025,MATTARANA - DATI DAL 2010.03.30,SP,MATTARANA,,,
SP026,MONTALBANO,SP,MONTALBANO,,,
SP027,MONTE BEVERONE,SP,MONTE,,,
SP028,MONTE ROCCHETTA,SP,MONTE,,,
SP029,MONTEROSSO,SP,MONTEROSSO,,,
SP030,NASCETO,SP,NASCETO,,,
SP031,PADIVARMA,SP,PADIVARMA,,,
SP032,PIANA BATTOLLA - PONTE,SP,PIANA BATTOLLA,,,
SP033,PITELLI,SP,PITELLI,,,
SP034,PONTE COLOMBIERA,SP,PONTE,,,
SP035,PORTOVENERE - COMUNE,SP,PORTOVENERE,,,
SP036,RICCO' DEL GOLFO,SP,RICCO',,,
SP037,ROMITO MAGRA,SP,ROMITO,,,
SP038,S. MARGHERITA VARA,SP,S.,,,
SP039,SARZANA,SP,SARZANA,,,
SP040,SCURTABO',SP,SCURTABO',,,
SP041,SERO' DI ZIGNAGO,SP,SERO',,,
SP042,SESTA GODANO,SP,SESTA,,,
SP043,TAGLIETO,SP,TAGLIETO,,,
SP044,TAVARONE,SP,TAVARONE,,,
SP045,VARESE LIGURE,SP,VARESE,,,
SP046,VERNAZZA,SP,VERNAZZA,,,
SV001,ALASSIO,SV,ALASSIO,,,
SV002,ALBENGA - ISOLABELLA,SV,ALBENGA,,,
SV003,ALBENGA - MOLINO BRANCA,SV,ALBENGA,,,
SV004,ALBISOLA,SV,ALBISOLA,,,
SV005,ALPICELLA,SV,ALPICELLA,,,
SV006,ALTARE,SV,ALTARE,,,
SV007,BOLSINE,SV,BOLSINE,,,
SV008,CAIRO MONTENOTTE,SV,CAIRO,,,
SV009,CALICE LIGURE,SV,CALICE,,,
SV010,CALIZZANO,SV,CALIZZANO,,,
SV011,CAPO VADO,SV,CAPO,,,
SV012,CARCARE,SV,CARCARE,,,
SV013,CASTELVECCHIO DI R. B.,SV,CASTELVECCHIO,,,
SV014,CENESI,SV,CENESI,,,
SV015,CENGIO,SV,CENGIO,,,
SV016,CISANO SUL NEVA (METEO),SV,CISANO,,,
SV017,COLLE DEL MELOGNO,SV,COLLE,,,
SV018,COLLE DI CADIBONA,SV,COLLE,,,
SV019,CONNA,SV,CONNA,,,
SV020,DEGO - GIRINI,SV,DEGO,,,
SV021,ELLERA - FOGLIETTO,SV,ELLERA,,,
SV022,FEGLINO,SV,FEGLINO,,,
SV023,FERRANIA,SV,FERRANIA,,,
SV024,IL PERO,SV,IL,,,
SV025,LAVAGNOLA,SV,LAVAGNOLA,,,
SV026,MALLARE,SV,MALLARE,,,
SV027,MANIE,SV,MANIE,,,
SV028,MARINA LOANO,SV,MARINA,,,
SV029,MONTAGNA,SV,MONTAGNA,,,
SV030,MONTE SETTEPANI,SV,MONTE,,,
SV031,MONTENOTTE INFERIORE,SV,MONTENOTTE,,,
SV032,MURIALDO,SV,MURIALDO,,,
SV033,ONZO - PONTEROTTO,SV,ONZO,,,
SV034,OSIGLIA,SV,OSIGLIA,,,
SV035,PIAMPALUDO,SV,PIAMPALUDO,,,
SV036,PIANA CRIXIA,SV,PIANA,,,
SV037,POGLI D'ORTOVERO,SV,POGLI,,,
SV038,PONTE POGGI,SV,PONTE,,,
SV039,SANDA,SV,SANDA,,,
SV040,SANTUARIO DI SAVONA,SV,SANTUARIO,,,
SV041,SASSELLO,SV,SASSELLO,,,
SV042,SAVONA - ISTITUTO NAUTICO,SV,SAVONA,,,
SV043,STELLA - BURDONE,SV,STELLA,,,
SV044,STELLA S. GIUSTINA,SV,STELLA,,,
SV045,STELLANELLO,SV,STELLANELLO,,,
SV046,TESTICO,SV,TESTICO,,,
SV047,URBE - VARA SUP.,SV,URBE,,,
SV048,VALZEMOLA,SV,VALZEMOLA,,,
SV049,VERZI LOANO,SV,VERZI,,,
SV050,VILLA PONZA,SV,VILLA,,,
